-- Seed de ejemplo para TuTaller.pe
-- Password de todas las cuentas demo: Demo2026!
-- Incluye 20 usuarios, 60 talleres, 120 inscripciones y 72 comentarios.

START TRANSACTION;

SET FOREIGN_KEY_CHECKS = 0;

DELETE FROM comentarios;
DELETE FROM inscripciones;
DELETE FROM talleres;
DELETE FROM usuarios;

ALTER TABLE comentarios AUTO_INCREMENT = 1;
ALTER TABLE inscripciones AUTO_INCREMENT = 1;
ALTER TABLE talleres AUTO_INCREMENT = 1;
ALTER TABLE usuarios AUTO_INCREMENT = 1;

SET FOREIGN_KEY_CHECKS = 1;

INSERT INTO usuarios (id, nombres, correo, telefono, password, rol) VALUES
(1, 'Camila Rojas', 'camila.rojas@demo.com', '987654321', '$2a$10$jUBwbB4qscySES8pZvMNTOyAuQJpD3SiXRIvs0wcW11qur6L70gLK', 'USUARIO'),
(2, 'Diego Salazar', 'diego.salazar@demo.com', '986543219', '$2a$10$jUBwbB4qscySES8pZvMNTOyAuQJpD3SiXRIvs0wcW11qur6L70gLK', 'USUARIO'),
(3, 'Valeria Paredes', 'valeria.paredes@demo.com', '985432198', '$2a$10$jUBwbB4qscySES8pZvMNTOyAuQJpD3SiXRIvs0wcW11qur6L70gLK', 'USUARIO'),
(4, 'Luis Fernandez', 'luis.fernandez@demo.com', '984321987', '$2a$10$jUBwbB4qscySES8pZvMNTOyAuQJpD3SiXRIvs0wcW11qur6L70gLK', 'USUARIO'),
(5, 'Andrea Huaman', 'andrea.huaman@demo.com', '983210976', '$2a$10$jUBwbB4qscySES8pZvMNTOyAuQJpD3SiXRIvs0wcW11qur6L70gLK', 'USUARIO'),
(6, 'Mateo Castillo', 'mateo.castillo@demo.com', '982109865', '$2a$10$jUBwbB4qscySES8pZvMNTOyAuQJpD3SiXRIvs0wcW11qur6L70gLK', 'USUARIO'),
(7, 'Sofia Torres', 'sofia.torres@demo.com', '981098754', '$2a$10$jUBwbB4qscySES8pZvMNTOyAuQJpD3SiXRIvs0wcW11qur6L70gLK', 'USUARIO'),
(8, 'Mariana Vega', 'mariana.vega@demo.com', '980987643', '$2a$10$jUBwbB4qscySES8pZvMNTOyAuQJpD3SiXRIvs0wcW11qur6L70gLK', 'USUARIO'),
(9, 'Renato Cardenas', 'renato.cardenas@demo.com', '979876532', '$2a$10$jUBwbB4qscySES8pZvMNTOyAuQJpD3SiXRIvs0wcW11qur6L70gLK', 'USUARIO'),
(10, 'Luciana Mejia', 'luciana.mejia@demo.com', '978765421', '$2a$10$jUBwbB4qscySES8pZvMNTOyAuQJpD3SiXRIvs0wcW11qur6L70gLK', 'USUARIO'),
(11, 'Paulo Mendoza', 'paulo.mendoza@demo.com', '977654310', '$2a$10$jUBwbB4qscySES8pZvMNTOyAuQJpD3SiXRIvs0wcW11qur6L70gLK', 'USUARIO'),
(12, 'Fernanda Ruiz', 'fernanda.ruiz@demo.com', '976543201', '$2a$10$jUBwbB4qscySES8pZvMNTOyAuQJpD3SiXRIvs0wcW11qur6L70gLK', 'USUARIO'),
(13, 'Jose Alarcon', 'jose.alarcon@demo.com', '975432102', '$2a$10$jUBwbB4qscySES8pZvMNTOyAuQJpD3SiXRIvs0wcW11qur6L70gLK', 'USUARIO'),
(14, 'Daniela Flores', 'daniela.flores@demo.com', '974321203', '$2a$10$jUBwbB4qscySES8pZvMNTOyAuQJpD3SiXRIvs0wcW11qur6L70gLK', 'USUARIO'),
(15, 'Organizador Arte', 'organizador.arte@tutaller.pe', '973210304', '$2a$10$jUBwbB4qscySES8pZvMNTOyAuQJpD3SiXRIvs0wcW11qur6L70gLK', 'ADMINISTRADOR'),
(16, 'Organizador Cocina', 'organizador.cocina@tutaller.pe', '972109405', '$2a$10$jUBwbB4qscySES8pZvMNTOyAuQJpD3SiXRIvs0wcW11qur6L70gLK', 'ADMINISTRADOR'),
(17, 'Coordinacion TuTaller', 'coordinacion@tutaller.pe', '971098506', '$2a$10$jUBwbB4qscySES8pZvMNTOyAuQJpD3SiXRIvs0wcW11qur6L70gLK', 'ADMINISTRADOR'),
(18, 'Organizador Bienestar', 'organizador.bienestar@tutaller.pe', '970987607', '$2a$10$jUBwbB4qscySES8pZvMNTOyAuQJpD3SiXRIvs0wcW11qur6L70gLK', 'ADMINISTRADOR'),
(19, 'Organizador Idiomas', 'organizador.idiomas@tutaller.pe', '969876708', '$2a$10$jUBwbB4qscySES8pZvMNTOyAuQJpD3SiXRIvs0wcW11qur6L70gLK', 'ADMINISTRADOR'),
(20, 'Organizador Escenico', 'organizador.escenico@tutaller.pe', '968765809', '$2a$10$jUBwbB4qscySES8pZvMNTOyAuQJpD3SiXRIvs0wcW11qur6L70gLK', 'ADMINISTRADOR');

INSERT INTO talleres (id, nombre, descripcion, categoria, distrito, tipo, horario, precio, vacantes, estado) VALUES
(1, 'Taller de Pintura Creativa - Miraflores', 'Sesiones practicas para explorar color, composicion y tecnicas accesibles para distintos niveles.', 'Arte', 'Miraflores', 'PRESENCIAL', 'Sabados 10:00 AM', 85.00, 14, 'ACTIVO'),
(2, 'Taller de Pintura Creativa - Barranco', 'Sesiones practicas para explorar color, composicion y tecnicas accesibles para distintos niveles.', 'Arte', 'Barranco', 'PRESENCIAL', 'Miercoles 7:00 PM', 92.00, 12, 'ACTIVO'),
(3, 'Taller de Pintura Creativa - San Isidro', 'Sesiones practicas para explorar color, composicion y tecnicas accesibles para distintos niveles.', 'Arte', 'San Isidro', 'MIXTO', 'Domingos 11:00 AM', 88.00, 15, 'ACTIVO'),
(4, 'Ceramica Decorativa - La Molina', 'Modelado y pintado de piezas utiles y decorativas con acompanamiento paso a paso.', 'Arte', 'La Molina', 'PRESENCIAL', 'Sabados 3:00 PM', 95.00, 10, 'ACTIVO'),
(5, 'Ceramica Decorativa - Pueblo Libre', 'Modelado y pintado de piezas utiles y decorativas con acompanamiento paso a paso.', 'Arte', 'Pueblo Libre', 'MIXTO', 'Jueves 6:30 PM', 90.00, 14, 'ACTIVO'),
(6, 'Ceramica Decorativa - Surco', 'Modelado y pintado de piezas utiles y decorativas con acompanamiento paso a paso.', 'Arte', 'Surco', 'PRESENCIAL', 'Martes 10:00 AM', 98.00, 9, 'ACTIVO'),
(7, 'Guitarra desde Cero - Jesus Maria', 'Aprende acordes, ritmo y acompanamiento para tocar canciones completas desde las primeras sesiones.', 'Musica', 'Jesus Maria', 'MIXTO', 'Martes y jueves 7:00 PM', 70.00, 12, 'ACTIVO'),
(8, 'Guitarra desde Cero - Lince', 'Aprende acordes, ritmo y acompanamiento para tocar canciones completas desde las primeras sesiones.', 'Musica', 'Lince', 'PRESENCIAL', 'Sabados 5:00 PM', 78.00, 13, 'ACTIVO'),
(9, 'Guitarra desde Cero - Virtual', 'Aprende acordes, ritmo y acompanamiento para tocar canciones completas desde las primeras sesiones.', 'Musica', 'Virtual', 'VIRTUAL', 'Lunes 8:00 PM', 65.00, 20, 'ACTIVO'),
(10, 'Canto Pop e Interpretacion - San Borja', 'Respiracion, afinacion e interpretacion aplicadas a repertorio moderno para ganar seguridad.', 'Musica', 'San Borja', 'PRESENCIAL', 'Viernes 6:30 PM', 92.00, 11, 'ACTIVO'),
(11, 'Canto Pop e Interpretacion - Miraflores', 'Respiracion, afinacion e interpretacion aplicadas a repertorio moderno para ganar seguridad.', 'Musica', 'Miraflores', 'MIXTO', 'Martes 7:30 PM', 88.00, 16, 'ACTIVO'),
(12, 'Canto Pop e Interpretacion - Virtual', 'Respiracion, afinacion e interpretacion aplicadas a repertorio moderno para ganar seguridad.', 'Musica', 'Virtual', 'VIRTUAL', 'Jueves 8:30 PM', 76.00, 22, 'ACTIVO'),
(13, 'Danza Urbana Weekend - San Miguel', 'Entrenamiento dinamico con coreografias de hip hop y freestyle para mejorar coordinacion y expresion.', 'Danza', 'San Miguel', 'PRESENCIAL', 'Sabados 4:00 PM', 50.00, 18, 'ACTIVO'),
(14, 'Danza Urbana Weekend - Miraflores', 'Entrenamiento dinamico con coreografias de hip hop y freestyle para mejorar coordinacion y expresion.', 'Danza', 'Miraflores', 'PRESENCIAL', 'Domingos 5:00 PM', 58.00, 16, 'ACTIVO'),
(15, 'Danza Urbana Weekend - Los Olivos', 'Entrenamiento dinamico con coreografias de hip hop y freestyle para mejorar coordinacion y expresion.', 'Danza', 'Los Olivos', 'MIXTO', 'Miercoles 7:00 PM', 54.00, 20, 'ACTIVO'),
(16, 'Ballet Inicial - Los Olivos', 'Formacion inicial en postura, musicalidad y tecnica basica en un entorno guiado y amigable.', 'Danza', 'Los Olivos', 'PRESENCIAL', 'Martes y jueves 5:00 PM', 68.00, 13, 'ACTIVO'),
(17, 'Ballet Inicial - San Borja', 'Formacion inicial en postura, musicalidad y tecnica basica en un entorno guiado y amigable.', 'Danza', 'San Borja', 'PRESENCIAL', 'Sabados 9:00 AM', 72.00, 12, 'ACTIVO'),
(18, 'Ballet Inicial - Surquillo', 'Formacion inicial en postura, musicalidad y tecnica basica en un entorno guiado y amigable.', 'Danza', 'Surquillo', 'MIXTO', 'Lunes 6:00 PM', 70.00, 15, 'ACTIVO'),
(19, 'Introduccion al Diseno UX - Virtual', 'Curso aplicado para aprender investigacion, prototipado y validacion de productos digitales.', 'Tecnologia', 'Virtual', 'VIRTUAL', 'Lunes y miercoles 8:00 PM', 90.00, 20, 'ACTIVO'),
(20, 'Introduccion al Diseno UX - Miraflores', 'Curso aplicado para aprender investigacion, prototipado y validacion de productos digitales.', 'Tecnologia', 'Miraflores', 'MIXTO', 'Sabados 11:00 AM', 98.00, 18, 'ACTIVO'),
(21, 'Introduccion al Diseno UX - San Isidro', 'Curso aplicado para aprender investigacion, prototipado y validacion de productos digitales.', 'Tecnologia', 'San Isidro', 'PRESENCIAL', 'Martes 7:30 PM', 105.00, 16, 'ACTIVO'),
(22, 'Excel y Analisis de Datos - Virtual', 'Funciones, tablas dinamicas y visualizacion para resolver tareas academicas y laborales.', 'Tecnologia', 'Virtual', 'VIRTUAL', 'Sabados 6:00 PM', 130.00, 24, 'ACTIVO'),
(23, 'Excel y Analisis de Datos - Jesus Maria', 'Funciones, tablas dinamicas y visualizacion para resolver tareas academicas y laborales.', 'Tecnologia', 'Jesus Maria', 'MIXTO', 'Miercoles 8:00 PM', 125.00, 22, 'ACTIVO'),
(24, 'Excel y Analisis de Datos - San Miguel', 'Funciones, tablas dinamicas y visualizacion para resolver tareas academicas y laborales.', 'Tecnologia', 'San Miguel', 'PRESENCIAL', 'Domingos 10:00 AM', 118.00, 20, 'ACTIVO'),
(25, 'Cocina Peruana Casera - Surquillo', 'Preparacion paso a paso de platos peruanos con tecnicas utiles para cocinar mejor en casa.', 'Cocina', 'Surquillo', 'PRESENCIAL', 'Domingos 11:00 AM', 65.00, 10, 'ACTIVO'),
(26, 'Cocina Peruana Casera - Magdalena del Mar', 'Preparacion paso a paso de platos peruanos con tecnicas utiles para cocinar mejor en casa.', 'Cocina', 'Magdalena del Mar', 'MIXTO', 'Sabados 1:00 PM', 72.00, 15, 'ACTIVO'),
(27, 'Cocina Peruana Casera - Pueblo Libre', 'Preparacion paso a paso de platos peruanos con tecnicas utiles para cocinar mejor en casa.', 'Cocina', 'Pueblo Libre', 'PRESENCIAL', 'Martes 7:00 PM', 68.00, 12, 'ACTIVO'),
(28, 'Reposteria Creativa - Magdalena del Mar', 'Elabora postres vistosos y aprende decoracion basica para vender o compartir en casa.', 'Cocina', 'Magdalena del Mar', 'MIXTO', 'Domingos 9:30 AM', 78.00, 15, 'ACTIVO'),
(29, 'Reposteria Creativa - Miraflores', 'Elabora postres vistosos y aprende decoracion basica para vender o compartir en casa.', 'Cocina', 'Miraflores', 'PRESENCIAL', 'Viernes 6:00 PM', 82.00, 13, 'ACTIVO'),
(30, 'Reposteria Creativa - Virtual', 'Elabora postres vistosos y aprende decoracion basica para vender o compartir en casa.', 'Cocina', 'Virtual', 'VIRTUAL', 'Martes 8:00 PM', 74.00, 21, 'ACTIVO'),
(31, 'Ingles Conversacional - Pueblo Libre', 'Practica oral enfocada en situaciones reales para ganar fluidez y confianza al conversar.', 'Idiomas', 'Pueblo Libre', 'MIXTO', 'Lunes a viernes 7:30 PM', 120.00, 22, 'ACTIVO'),
(32, 'Ingles Conversacional - Miraflores', 'Practica oral enfocada en situaciones reales para ganar fluidez y confianza al conversar.', 'Idiomas', 'Miraflores', 'PRESENCIAL', 'Sabados 10:00 AM', 110.00, 18, 'ACTIVO'),
(33, 'Ingles Conversacional - Virtual', 'Practica oral enfocada en situaciones reales para ganar fluidez y confianza al conversar.', 'Idiomas', 'Virtual', 'VIRTUAL', 'Martes y jueves 8:00 PM', 98.00, 25, 'ACTIVO'),
(34, 'Portugues para Viajeros - Miraflores', 'Curso enfocado en expresiones utiles para viajes, hospedaje, compras y conversaciones cotidianas.', 'Idiomas', 'Miraflores', 'PRESENCIAL', 'Sabados 9:00 AM', 88.00, 17, 'ACTIVO'),
(35, 'Portugues para Viajeros - San Isidro', 'Curso enfocado en expresiones utiles para viajes, hospedaje, compras y conversaciones cotidianas.', 'Idiomas', 'San Isidro', 'MIXTO', 'Miercoles 7:30 PM', 92.00, 16, 'ACTIVO'),
(36, 'Portugues para Viajeros - Virtual', 'Curso enfocado en expresiones utiles para viajes, hospedaje, compras y conversaciones cotidianas.', 'Idiomas', 'Virtual', 'VIRTUAL', 'Jueves 8:00 PM', 84.00, 24, 'ACTIVO'),
(37, 'Oratoria Practica - Surco', 'Ejercicios de voz, postura y presentacion para hablar con seguridad en clases y exposiciones.', 'Comunicacion', 'Surco', 'PRESENCIAL', 'Miercoles 7:30 PM', 85.00, 10, 'ACTIVO'),
(38, 'Oratoria Practica - Lince', 'Ejercicios de voz, postura y presentacion para hablar con seguridad en clases y exposiciones.', 'Comunicacion', 'Lince', 'MIXTO', 'Sabados 11:00 AM', 80.00, 14, 'ACTIVO'),
(39, 'Oratoria Practica - Virtual', 'Ejercicios de voz, postura y presentacion para hablar con seguridad en clases y exposiciones.', 'Comunicacion', 'Virtual', 'VIRTUAL', 'Lunes 8:30 PM', 76.00, 20, 'ACTIVO'),
(40, 'Escritura Creativa y Storytelling - Lince', 'Explora tecnicas narrativas para construir historias claras, emocionales y memorables.', 'Comunicacion', 'Lince', 'VIRTUAL', 'Jueves 8:00 PM', 72.00, 19, 'ACTIVO'),
(41, 'Escritura Creativa y Storytelling - Barranco', 'Explora tecnicas narrativas para construir historias claras, emocionales y memorables.', 'Comunicacion', 'Barranco', 'MIXTO', 'Martes 7:00 PM', 79.00, 15, 'ACTIVO'),
(42, 'Escritura Creativa y Storytelling - Virtual', 'Explora tecnicas narrativas para construir historias claras, emocionales y memorables.', 'Comunicacion', 'Virtual', 'VIRTUAL', 'Sabados 9:30 AM', 75.00, 23, 'ACTIVO'),
(43, 'Teatro e Improvisacion - San Miguel', 'Taller vivencial para desarrollar expresion corporal, escucha activa y trabajo en equipo.', 'Teatro', 'San Miguel', 'PRESENCIAL', 'Sabados 11:00 AM', 75.00, 14, 'ACTIVO'),
(44, 'Teatro e Improvisacion - Barranco', 'Taller vivencial para desarrollar expresion corporal, escucha activa y trabajo en equipo.', 'Teatro', 'Barranco', 'PRESENCIAL', 'Viernes 7:30 PM', 82.00, 12, 'ACTIVO'),
(45, 'Teatro e Improvisacion - Jesus Maria', 'Taller vivencial para desarrollar expresion corporal, escucha activa y trabajo en equipo.', 'Teatro', 'Jesus Maria', 'MIXTO', 'Domingos 4:00 PM', 78.00, 16, 'ACTIVO'),
(46, 'Mindfulness y Respiracion - Miraflores', 'Rutina guiada para reducir estres, mejorar enfoque y desarrollar habitos de bienestar.', 'Bienestar', 'Miraflores', 'MIXTO', 'Martes 7:00 AM', 55.00, 20, 'ACTIVO'),
(47, 'Mindfulness y Respiracion - San Borja', 'Rutina guiada para reducir estres, mejorar enfoque y desarrollar habitos de bienestar.', 'Bienestar', 'San Borja', 'PRESENCIAL', 'Jueves 7:00 PM', 62.00, 18, 'ACTIVO'),
(48, 'Mindfulness y Respiracion - Virtual', 'Rutina guiada para reducir estres, mejorar enfoque y desarrollar habitos de bienestar.', 'Bienestar', 'Virtual', 'VIRTUAL', 'Lunes 8:00 PM', 48.00, 28, 'ACTIVO'),
(49, 'Fotografia con Celular - Barranco', 'Aprende encuadre, iluminacion y edicion basica para crear fotos atractivas con tu smartphone.', 'Fotografia', 'Barranco', 'MIXTO', 'Viernes 7:00 PM', 60.00, 16, 'ACTIVO'),
(50, 'Fotografia con Celular - Miraflores', 'Aprende encuadre, iluminacion y edicion basica para crear fotos atractivas con tu smartphone.', 'Fotografia', 'Miraflores', 'PRESENCIAL', 'Sabados 10:30 AM', 68.00, 14, 'ACTIVO'),
(51, 'Fotografia con Celular - Virtual', 'Aprende encuadre, iluminacion y edicion basica para crear fotos atractivas con tu smartphone.', 'Fotografia', 'Virtual', 'VIRTUAL', 'Miercoles 8:00 PM', 58.00, 22, 'ACTIVO'),
(52, 'Bordado Creativo - Pueblo Libre', 'Disena piezas decorativas y accesorios con puntadas basicas, color y composicion.', 'Manualidades', 'Pueblo Libre', 'PRESENCIAL', 'Sabados 4:00 PM', 58.00, 15, 'ACTIVO'),
(53, 'Bordado Creativo - Surquillo', 'Disena piezas decorativas y accesorios con puntadas basicas, color y composicion.', 'Manualidades', 'Surquillo', 'MIXTO', 'Martes 6:30 PM', 62.00, 14, 'ACTIVO'),
(54, 'Bordado Creativo - Virtual', 'Disena piezas decorativas y accesorios con puntadas basicas, color y composicion.', 'Manualidades', 'Virtual', 'VIRTUAL', 'Jueves 8:30 PM', 54.00, 20, 'ACTIVO'),
(55, 'Marketing Digital para Emprendedores - Virtual', 'Planifica contenido, anuncios y embudos simples para hacer crecer un negocio pequeno.', 'Tecnologia', 'Virtual', 'VIRTUAL', 'Martes 8:00 PM', 110.00, 25, 'ACTIVO'),
(56, 'Marketing Digital para Emprendedores - San Isidro', 'Planifica contenido, anuncios y embudos simples para hacer crecer un negocio pequeno.', 'Tecnologia', 'San Isidro', 'MIXTO', 'Viernes 7:00 PM', 118.00, 18, 'ACTIVO'),
(57, 'Marketing Digital para Emprendedores - Miraflores', 'Planifica contenido, anuncios y embudos simples para hacer crecer un negocio pequeno.', 'Tecnologia', 'Miraflores', 'PRESENCIAL', 'Sabados 3:00 PM', 125.00, 17, 'ACTIVO'),
(58, 'Lettering y Papeleria Creativa - Magdalena del Mar', 'Aprende trazos, composicion y acabados para crear piezas personalizadas y utiles.', 'Manualidades', 'Magdalena del Mar', 'PRESENCIAL', 'Domingos 10:00 AM', 64.00, 13, 'ACTIVO'),
(59, 'Lettering y Papeleria Creativa - Miraflores', 'Aprende trazos, composicion y acabados para crear piezas personalizadas y utiles.', 'Manualidades', 'Miraflores', 'MIXTO', 'Miercoles 6:30 PM', 68.00, 15, 'ACTIVO'),
(60, 'Lettering y Papeleria Creativa - Virtual', 'Aprende trazos, composicion y acabados para crear piezas personalizadas y utiles.', 'Manualidades', 'Virtual', 'VIRTUAL', 'Lunes 8:00 PM', 60.00, 21, 'ACTIVO');

INSERT INTO inscripciones (id, usuario_id, taller_id, fecha_inscripcion, estado) VALUES
(1, 1, 1, '2026-06-01 13:17:00', 'CONFIRMADA'),
(2, 2, 8, '2026-06-02 13:34:00', 'CONFIRMADA'),
(3, 3, 15, '2026-06-03 13:51:00', 'CONFIRMADA'),
(4, 4, 22, '2026-06-04 14:08:00', 'PENDIENTE'),
(5, 5, 29, '2026-06-05 14:25:00', 'CONFIRMADA'),
(6, 6, 36, '2026-06-06 14:42:00', 'CONFIRMADA'),
(7, 7, 43, '2026-06-07 14:59:00', 'CONFIRMADA'),
(8, 8, 50, '2026-06-08 15:16:00', 'PENDIENTE'),
(9, 9, 57, '2026-06-09 15:33:00', 'CANCELADA'),
(10, 10, 4, '2026-06-10 15:50:00', 'CONFIRMADA'),
(11, 11, 11, '2026-06-11 16:07:00', 'CONFIRMADA'),
(12, 12, 18, '2026-06-12 16:24:00', 'PENDIENTE'),
(13, 13, 25, '2026-06-13 16:41:00', 'CONFIRMADA'),
(14, 14, 32, '2026-06-14 16:58:00', 'CONFIRMADA'),
(15, 1, 39, '2026-06-01 17:15:00', 'CONFIRMADA'),
(16, 2, 46, '2026-06-02 17:32:00', 'PENDIENTE'),
(17, 3, 53, '2026-06-03 17:49:00', 'CONFIRMADA'),
(18, 4, 60, '2026-06-04 18:06:00', 'CANCELADA'),
(19, 5, 7, '2026-06-05 18:23:00', 'CONFIRMADA'),
(20, 6, 14, '2026-06-06 18:40:00', 'PENDIENTE'),
(21, 7, 21, '2026-06-07 18:57:00', 'CONFIRMADA'),
(22, 8, 28, '2026-06-08 19:14:00', 'CONFIRMADA'),
(23, 9, 35, '2026-06-09 19:31:00', 'CONFIRMADA'),
(24, 10, 42, '2026-06-10 19:48:00', 'PENDIENTE'),
(25, 11, 49, '2026-06-11 20:05:00', 'CONFIRMADA'),
(26, 12, 56, '2026-06-12 20:22:00', 'CONFIRMADA'),
(27, 13, 3, '2026-06-13 20:39:00', 'CANCELADA'),
(28, 14, 10, '2026-06-14 20:56:00', 'PENDIENTE'),
(29, 1, 17, '2026-06-01 21:13:00', 'CONFIRMADA'),
(30, 2, 24, '2026-06-02 21:30:00', 'CONFIRMADA'),
(31, 3, 31, '2026-06-03 21:47:00', 'CONFIRMADA'),
(32, 4, 38, '2026-06-04 22:04:00', 'PENDIENTE'),
(33, 5, 45, '2026-06-05 22:21:00', 'CONFIRMADA'),
(34, 6, 52, '2026-06-06 22:38:00', 'CONFIRMADA'),
(35, 7, 59, '2026-06-07 22:55:00', 'CONFIRMADA'),
(36, 8, 6, '2026-06-08 23:12:00', 'CANCELADA'),
(37, 9, 13, '2026-06-09 23:29:00', 'CONFIRMADA'),
(38, 10, 20, '2026-06-10 23:46:00', 'CONFIRMADA'),
(39, 11, 27, '2026-06-12 00:03:00', 'CONFIRMADA'),
(40, 12, 34, '2026-06-13 00:20:00', 'PENDIENTE'),
(41, 13, 41, '2026-06-14 00:37:00', 'CONFIRMADA'),
(42, 14, 48, '2026-06-15 00:54:00', 'CONFIRMADA'),
(43, 1, 55, '2026-06-01 13:11:00', 'CONFIRMADA'),
(44, 2, 2, '2026-06-02 13:28:00', 'PENDIENTE'),
(45, 3, 9, '2026-06-03 13:45:00', 'CANCELADA'),
(46, 4, 16, '2026-06-04 14:02:00', 'CONFIRMADA'),
(47, 5, 23, '2026-06-05 14:19:00', 'CONFIRMADA'),
(48, 6, 30, '2026-06-06 14:36:00', 'PENDIENTE'),
(49, 7, 37, '2026-06-07 14:53:00', 'CONFIRMADA'),
(50, 8, 44, '2026-06-08 15:10:00', 'CONFIRMADA'),
(51, 9, 51, '2026-06-09 15:27:00', 'CONFIRMADA'),
(52, 10, 58, '2026-06-10 15:44:00', 'PENDIENTE'),
(53, 11, 5, '2026-06-11 16:01:00', 'CONFIRMADA'),
(54, 12, 12, '2026-06-12 16:18:00', 'CANCELADA'),
(55, 13, 19, '2026-06-13 16:35:00', 'CONFIRMADA'),
(56, 14, 26, '2026-06-14 16:52:00', 'PENDIENTE'),
(57, 1, 33, '2026-06-01 17:09:00', 'CONFIRMADA'),
(58, 2, 40, '2026-06-02 17:26:00', 'CONFIRMADA'),
(59, 3, 47, '2026-06-03 17:43:00', 'CONFIRMADA'),
(60, 4, 54, '2026-06-04 18:00:00', 'PENDIENTE'),
(61, 5, 1, '2026-06-05 18:17:00', 'CONFIRMADA'),
(62, 6, 8, '2026-06-06 18:34:00', 'CONFIRMADA'),
(63, 7, 15, '2026-06-07 18:51:00', 'CANCELADA'),
(64, 8, 22, '2026-06-08 19:08:00', 'PENDIENTE'),
(65, 9, 29, '2026-06-09 19:25:00', 'CONFIRMADA'),
(66, 10, 36, '2026-06-10 19:42:00', 'CONFIRMADA'),
(67, 11, 43, '2026-06-11 19:59:00', 'CONFIRMADA'),
(68, 12, 50, '2026-06-12 20:16:00', 'PENDIENTE'),
(69, 13, 57, '2026-06-13 20:33:00', 'CONFIRMADA'),
(70, 14, 4, '2026-06-14 20:50:00', 'CONFIRMADA'),
(71, 1, 11, '2026-06-01 21:07:00', 'CONFIRMADA'),
(72, 2, 18, '2026-06-02 21:24:00', 'CANCELADA'),
(73, 3, 25, '2026-06-03 21:41:00', 'CONFIRMADA'),
(74, 4, 32, '2026-06-04 21:58:00', 'CONFIRMADA'),
(75, 5, 39, '2026-06-05 22:15:00', 'CONFIRMADA'),
(76, 6, 46, '2026-06-06 22:32:00', 'PENDIENTE'),
(77, 7, 53, '2026-06-07 22:49:00', 'CONFIRMADA'),
(78, 8, 60, '2026-06-08 23:06:00', 'CONFIRMADA'),
(79, 9, 7, '2026-06-09 23:23:00', 'CONFIRMADA'),
(80, 10, 14, '2026-06-10 23:40:00', 'PENDIENTE'),
(81, 11, 21, '2026-06-11 23:57:00', 'CANCELADA'),
(82, 12, 28, '2026-06-13 00:14:00', 'CONFIRMADA'),
(83, 13, 35, '2026-06-14 00:31:00', 'CONFIRMADA'),
(84, 14, 42, '2026-06-15 00:48:00', 'PENDIENTE'),
(85, 1, 49, '2026-06-01 13:05:00', 'CONFIRMADA'),
(86, 2, 56, '2026-06-02 13:22:00', 'CONFIRMADA'),
(87, 3, 3, '2026-06-03 13:39:00', 'CONFIRMADA'),
(88, 4, 10, '2026-06-04 13:56:00', 'PENDIENTE'),
(89, 5, 17, '2026-06-05 14:13:00', 'CONFIRMADA'),
(90, 6, 24, '2026-06-06 14:30:00', 'CANCELADA'),
(91, 7, 31, '2026-06-07 14:47:00', 'CONFIRMADA'),
(92, 8, 38, '2026-06-08 15:04:00', 'PENDIENTE'),
(93, 9, 45, '2026-06-09 15:21:00', 'CONFIRMADA'),
(94, 10, 52, '2026-06-10 15:38:00', 'CONFIRMADA'),
(95, 11, 59, '2026-06-11 15:55:00', 'CONFIRMADA'),
(96, 12, 6, '2026-06-12 16:12:00', 'PENDIENTE'),
(97, 13, 13, '2026-06-13 16:29:00', 'CONFIRMADA'),
(98, 14, 20, '2026-06-14 16:46:00', 'CONFIRMADA'),
(99, 1, 27, '2026-06-01 17:03:00', 'CANCELADA'),
(100, 2, 34, '2026-06-02 17:20:00', 'PENDIENTE'),
(101, 3, 41, '2026-06-03 17:37:00', 'CONFIRMADA'),
(102, 4, 48, '2026-06-04 17:54:00', 'CONFIRMADA'),
(103, 5, 55, '2026-06-05 18:11:00', 'CONFIRMADA'),
(104, 6, 2, '2026-06-06 18:28:00', 'PENDIENTE'),
(105, 7, 9, '2026-06-07 18:45:00', 'CONFIRMADA'),
(106, 8, 16, '2026-06-08 19:02:00', 'CONFIRMADA'),
(107, 9, 23, '2026-06-09 19:19:00', 'CONFIRMADA'),
(108, 10, 30, '2026-06-10 19:36:00', 'CANCELADA'),
(109, 11, 37, '2026-06-11 19:53:00', 'CONFIRMADA'),
(110, 12, 44, '2026-06-12 20:10:00', 'CONFIRMADA'),
(111, 13, 51, '2026-06-13 20:27:00', 'CONFIRMADA'),
(112, 14, 58, '2026-06-14 20:44:00', 'PENDIENTE'),
(113, 1, 5, '2026-06-01 21:01:00', 'CONFIRMADA'),
(114, 2, 12, '2026-06-02 21:18:00', 'CONFIRMADA'),
(115, 3, 19, '2026-06-03 21:35:00', 'CONFIRMADA'),
(116, 4, 26, '2026-06-04 21:52:00', 'PENDIENTE'),
(117, 5, 33, '2026-06-05 22:09:00', 'CANCELADA'),
(118, 6, 40, '2026-06-06 22:26:00', 'CONFIRMADA'),
(119, 7, 47, '2026-06-07 22:43:00', 'CONFIRMADA'),
(120, 8, 54, '2026-06-08 23:00:00', 'PENDIENTE');

INSERT INTO comentarios (id, usuario_id, taller_id, comentario, calificacion) VALUES
(1, 1, 1, 'Comentario demo #1: Muy buena experiencia y una dinamica facil de seguir.', 5),
(2, 2, 6, 'Comentario demo #2: El contenido fue claro y practico para aplicar desde la primera sesion.', 5),
(3, 3, 11, 'Comentario demo #3: Buen ritmo de trabajo y explicaciones ordenadas.', 5),
(4, 4, 16, 'Comentario demo #4: El taller me ayudo bastante a ganar confianza y resolver dudas.', 5),
(5, 5, 21, 'Comentario demo #5: Recomendado para empezar y seguir avanzando paso a paso.', 4),
(6, 6, 26, 'Comentario demo #6: La modalidad y el horario encajaron muy bien con mi rutina.', 5),
(7, 7, 31, 'Comentario demo #7: Muy buena experiencia y una dinamica facil de seguir.', 5),
(8, 8, 36, 'Comentario demo #8: El contenido fue claro y practico para aplicar desde la primera sesion.', 5),
(9, 9, 41, 'Comentario demo #9: Buen ritmo de trabajo y explicaciones ordenadas.', 5),
(10, 10, 46, 'Comentario demo #10: El taller me ayudo bastante a ganar confianza y resolver dudas.', 4),
(11, 11, 51, 'Comentario demo #11: Recomendado para empezar y seguir avanzando paso a paso.', 5),
(12, 12, 56, 'Comentario demo #12: La modalidad y el horario encajaron muy bien con mi rutina.', 5),
(13, 13, 1, 'Comentario demo #13: Muy buena experiencia y una dinamica facil de seguir.', 5),
(14, 14, 6, 'Comentario demo #14: El contenido fue claro y practico para aplicar desde la primera sesion.', 5),
(15, 1, 11, 'Comentario demo #15: Buen ritmo de trabajo y explicaciones ordenadas.', 4),
(16, 2, 16, 'Comentario demo #16: El taller me ayudo bastante a ganar confianza y resolver dudas.', 5),
(17, 3, 21, 'Comentario demo #17: Recomendado para empezar y seguir avanzando paso a paso.', 5),
(18, 4, 26, 'Comentario demo #18: La modalidad y el horario encajaron muy bien con mi rutina.', 5),
(19, 5, 31, 'Comentario demo #19: Muy buena experiencia y una dinamica facil de seguir.', 5),
(20, 6, 36, 'Comentario demo #20: El contenido fue claro y practico para aplicar desde la primera sesion.', 4),
(21, 7, 41, 'Comentario demo #21: Buen ritmo de trabajo y explicaciones ordenadas.', 5),
(22, 8, 46, 'Comentario demo #22: El taller me ayudo bastante a ganar confianza y resolver dudas.', 5),
(23, 9, 51, 'Comentario demo #23: Recomendado para empezar y seguir avanzando paso a paso.', 5),
(24, 10, 56, 'Comentario demo #24: La modalidad y el horario encajaron muy bien con mi rutina.', 5),
(25, 11, 1, 'Comentario demo #25: Muy buena experiencia y una dinamica facil de seguir.', 4),
(26, 12, 6, 'Comentario demo #26: El contenido fue claro y practico para aplicar desde la primera sesion.', 5),
(27, 13, 11, 'Comentario demo #27: Buen ritmo de trabajo y explicaciones ordenadas.', 5),
(28, 14, 16, 'Comentario demo #28: El taller me ayudo bastante a ganar confianza y resolver dudas.', 5),
(29, 1, 21, 'Comentario demo #29: Recomendado para empezar y seguir avanzando paso a paso.', 5),
(30, 2, 26, 'Comentario demo #30: La modalidad y el horario encajaron muy bien con mi rutina.', 4),
(31, 3, 31, 'Comentario demo #31: Muy buena experiencia y una dinamica facil de seguir.', 5),
(32, 4, 36, 'Comentario demo #32: El contenido fue claro y practico para aplicar desde la primera sesion.', 5),
(33, 5, 41, 'Comentario demo #33: Buen ritmo de trabajo y explicaciones ordenadas.', 5),
(34, 6, 46, 'Comentario demo #34: El taller me ayudo bastante a ganar confianza y resolver dudas.', 5),
(35, 7, 51, 'Comentario demo #35: Recomendado para empezar y seguir avanzando paso a paso.', 4),
(36, 8, 56, 'Comentario demo #36: La modalidad y el horario encajaron muy bien con mi rutina.', 5),
(37, 9, 1, 'Comentario demo #37: Muy buena experiencia y una dinamica facil de seguir.', 5),
(38, 10, 6, 'Comentario demo #38: El contenido fue claro y practico para aplicar desde la primera sesion.', 5),
(39, 11, 11, 'Comentario demo #39: Buen ritmo de trabajo y explicaciones ordenadas.', 5),
(40, 12, 16, 'Comentario demo #40: El taller me ayudo bastante a ganar confianza y resolver dudas.', 4),
(41, 13, 21, 'Comentario demo #41: Recomendado para empezar y seguir avanzando paso a paso.', 5),
(42, 14, 26, 'Comentario demo #42: La modalidad y el horario encajaron muy bien con mi rutina.', 5),
(43, 1, 31, 'Comentario demo #43: Muy buena experiencia y una dinamica facil de seguir.', 5),
(44, 2, 36, 'Comentario demo #44: El contenido fue claro y practico para aplicar desde la primera sesion.', 5),
(45, 3, 41, 'Comentario demo #45: Buen ritmo de trabajo y explicaciones ordenadas.', 4),
(46, 4, 46, 'Comentario demo #46: El taller me ayudo bastante a ganar confianza y resolver dudas.', 5),
(47, 5, 51, 'Comentario demo #47: Recomendado para empezar y seguir avanzando paso a paso.', 5),
(48, 6, 56, 'Comentario demo #48: La modalidad y el horario encajaron muy bien con mi rutina.', 5),
(49, 7, 1, 'Comentario demo #49: Muy buena experiencia y una dinamica facil de seguir.', 5),
(50, 8, 6, 'Comentario demo #50: El contenido fue claro y practico para aplicar desde la primera sesion.', 4),
(51, 9, 11, 'Comentario demo #51: Buen ritmo de trabajo y explicaciones ordenadas.', 5),
(52, 10, 16, 'Comentario demo #52: El taller me ayudo bastante a ganar confianza y resolver dudas.', 5),
(53, 11, 21, 'Comentario demo #53: Recomendado para empezar y seguir avanzando paso a paso.', 5),
(54, 12, 26, 'Comentario demo #54: La modalidad y el horario encajaron muy bien con mi rutina.', 5),
(55, 13, 31, 'Comentario demo #55: Muy buena experiencia y una dinamica facil de seguir.', 4),
(56, 14, 36, 'Comentario demo #56: El contenido fue claro y practico para aplicar desde la primera sesion.', 5),
(57, 1, 41, 'Comentario demo #57: Buen ritmo de trabajo y explicaciones ordenadas.', 5),
(58, 2, 46, 'Comentario demo #58: El taller me ayudo bastante a ganar confianza y resolver dudas.', 5),
(59, 3, 51, 'Comentario demo #59: Recomendado para empezar y seguir avanzando paso a paso.', 5),
(60, 4, 56, 'Comentario demo #60: La modalidad y el horario encajaron muy bien con mi rutina.', 4),
(61, 5, 1, 'Comentario demo #61: Muy buena experiencia y una dinamica facil de seguir.', 5),
(62, 6, 6, 'Comentario demo #62: El contenido fue claro y practico para aplicar desde la primera sesion.', 5),
(63, 7, 11, 'Comentario demo #63: Buen ritmo de trabajo y explicaciones ordenadas.', 5),
(64, 8, 16, 'Comentario demo #64: El taller me ayudo bastante a ganar confianza y resolver dudas.', 5),
(65, 9, 21, 'Comentario demo #65: Recomendado para empezar y seguir avanzando paso a paso.', 4),
(66, 10, 26, 'Comentario demo #66: La modalidad y el horario encajaron muy bien con mi rutina.', 5),
(67, 11, 31, 'Comentario demo #67: Muy buena experiencia y una dinamica facil de seguir.', 5),
(68, 12, 36, 'Comentario demo #68: El contenido fue claro y practico para aplicar desde la primera sesion.', 5),
(69, 13, 41, 'Comentario demo #69: Buen ritmo de trabajo y explicaciones ordenadas.', 5),
(70, 14, 46, 'Comentario demo #70: El taller me ayudo bastante a ganar confianza y resolver dudas.', 4),
(71, 1, 51, 'Comentario demo #71: Recomendado para empezar y seguir avanzando paso a paso.', 5),
(72, 2, 56, 'Comentario demo #72: La modalidad y el horario encajaron muy bien con mi rutina.', 5);

COMMIT;
